<?xml version="1.0"?>
<ObjDef xmlns="http://www.sonicretro.org" Name="Saws and Pizza Cutters" Image="frame0">
  <Images>
    <ImageFromMappings id="frame0">
      <ArtFile filename="../artnem/SBZ Pizza Cutter.nem"/>
      <MapFile type="ASM" filename="../_maps/Saws and Pizza Cutters.asm" frame="0" startpal="2"/>
    </ImageFromMappings>
    <ImageFromMappings id="frame1">
      <ArtFile filename="../artnem/SBZ Pizza Cutter.nem"/>
      <MapFile type="ASM" filename="../_maps/Saws and Pizza Cutters.asm" frame="2" startpal="2"/>
    </ImageFromMappings>
  </Images>
 <Subtypes>
    <Subtype id="00" name="Pizza cutter - Stationary" image="frame0"/>
    <Subtype id="01" name="Pizza cutter - Moves left and right" image="frame0"/>
    <Subtype id="02" name="Pizza cutter - Moves up and down" image="frame0"/>
    <Subtype id="03" name="Saw - Moves right" image="frame1"/>
    <Subtype id="04" name="Saw - Moves left" image="frame1"/>
  </Subtypes>
</ObjDef>